{"cameraMode":{"drawMode":0,"name":"Shaded","section":"Shading Mode"},"sceneLighting":true,"audioPlay":false,"sceneViewState":{"m_AlwaysRefresh":false,"showFog":true,"showSkybox":true,"showFlares":true,"showImageEffects":true,"showParticleSystems":true,"showVisualEffectGraphs":true,"m_FxEnabled":true},"in2DMode":false,"pivot":{"x":0.4851881265640259,"y":-0.3540029525756836,"z":-19.52199363708496},"rotation":{"x":-0.0018927197670564056,"y":0.9760134816169739,"z":-0.21754799783229829,"w":-0.008490484207868576},"size":22.56653594970703,"orthographic":false}